{
  "changelog": [
    {
      "version": "1.1.1",
      "date": "2026-01-08",
      "time": "12:00",
      "changes": [
        "إصلاح 43 مشكلة في جودة الكود تم اكتشافها بواسطة ESLint",
        "إضافة نظام DEBUG_MODE للتحكم في رسائل التصحيح",
        "إصلاح تسرب الذاكرة في نوافذ التأكيد (Modal memory leak)",
        "إصلاح خطأ استعادة التوكن في validateToken",
        "إضافة معالجة أخطاء chrome.runtime.lastError لجميع عمليات التخزين",
        "تأمين الكائنات العامة (API, Storage) من التعرض غير المصرح به",
        "إضافة معالجة أخطاء JSON.parse بشكل آمن",
        "إضافة صلاحية الإشعارات (notifications permission)",
        "تحسين أمان web_accessible_resources بتحديد النطاقات المسموحة",
        "استبدال console.log بـ debugLog للإنتاج",
        "إضافة ثوابت للأرقام السحرية (Magic numbers)",
        "تحسين getUserInitials للتعامل مع الحالات الحدية",
        "إضافة إعدادات ESLint v9 للمشروع",
        "إنشاء تقارير Lint ثنائية اللغة (عربي/إنجليزي)"
      ]
    },
    {
      "version": "1.0.5",
      "date": "2025-12-20",
      "time": "23:00",
      "changes": [
        "إعادة وضع زر 'مسح النموذج' (Clear Form) في مكان آمن لتجنب الضغط الخاطئ",
        "تغيير زر المسح إلى أيقونة سلة المهملات في الشريط العلوي للنموذج",
        "إضافة رسالة تأكيد قبل مسح البيانات لضمان عدم فقدان العمل بالخطأ",
        "إضافة ميزة الإبلاغ عن المشاكل واقتراح التحسينات (Report Bug / Suggestion)",
        "تكامل مع API التقارير الجديد لإرسال الملاحظات مباشرة من الإكستنشن",
        "تحسين واجهة المستخدم بإضافة زر التقارير في شريط الأدوات",
        "تحديث نظام إدارة الإصدارات والتحقق من التحديثات"
      ]
    },
    {
      "version": "1.0.4",
      "date": "2025-12-15",
      "time": "12:00",
      "changes": [
        "تحسين معالجة أرقام الهواتف: قبول الأرقام مع مسافات وتنظيفها تلقائياً",
        "إزالة القيود على تنسيق رقم الهاتف - يمكن إدخال الرقم مع مسافات مثل +962 7 7586 3907",
        "تنظيف تلقائي لأرقام الهواتف في الخلفية قبل الإرسال",
        "إصلاح مشكلة Clipboard API وإضافة طريقة بديلة للصق",
        "إضافة زر لصق بجوار حقل رقم الهاتف لتسهيل العمل",
        "تحسين تصميم أزرار اللصق لتكون أكثر احترافية",
        "إضافة أيقونة بجوار رقم التذكرة في Trengo للبحث السريع",
        "تكامل مع Trengo: فتح panel تلقائياً والبحث عن التذكرة بنقرة واحدة"
      ]
    },
    {
      "version": "1.0.3",
      "date": "2024-12-19",
      "time": "14:30",
      "changes": [
        "تحديث API response لـ ticket_details_stats",
        "تغيير last_10_minutes إلى current_hour (على رأس كل ساعة)",
        "تحديث التسميات: Current Hour, Last Hour, Today"
      ]
    },
    {
      "version": "1.0.2",
      "date": "2024-12-15",
      "time": "10:00",
      "changes": [
        "إصلاح مشكلة في البحث عن التذاكر",
        "تحسين أداء الواجهة"
      ]
    },
    {
      "version": "1.0.1",
      "date": "2024-12-10",
      "time": "16:45",
      "changes": [
        "إضافة ميزة Quick Clone",
        "تحسين تجربة المستخدم"
      ]
    },
    {
      "version": "1.0.0",
      "date": "2024-12-01",
      "time": "09:00",
      "changes": [
        "الإصدار الأول",
        "ميزة البحث عن التذاكر",
        "ميزة إنشاء التذاكر",
        "نظام المصادقة"
      ]
    }
  ]
}